eval_loss,eval_accuracy,eval_f1
0.6043668985366821,0.7917148362235067,0.7905852097904461
